{
    "accuracy": [
        0.5605211853981018
    ],
    "loss": [
        0.7993246912956238
    ],
    "precision": [
        0.5605211853981018
    ],
    "recall": [
        0.5605211853981018
    ],
    "val_accuracy": [
        0.5640255808830261
    ],
    "val_loss": [
        0.7482694387435913
    ],
    "val_precision": [
        0.5640255808830261
    ],
    "val_recall": [
        0.5640255808830261
    ],
    "learning_rate": [
        0.0010000000474974513
    ]
}