{
    "accuracy": [
        0.9575380086898804,
        0.9685106873512268,
        0.9688535928726196,
        0.9739398956298828,
        0.9741684794425964,
        0.9754829406738281,
        0.9738827347755432,
        0.9743399024009705,
        0.9756543636322021,
        0.9764544367790222,
        0.9645102024078369,
        0.9748542904853821,
        0.9795976877212524,
        0.984169602394104,
        0.9864556193351746
    ],
    "loss": [
        0.11128126829862595,
        0.0809154361486435,
        0.07737498730421066,
        0.06775707751512527,
        0.06840432435274124,
        0.0619790218770504,
        0.06633812189102173,
        0.06143021211028099,
        0.061128728091716766,
        0.06093185767531395,
        0.09151166677474976,
        0.06449966877698898,
        0.054226022213697433,
        0.042319562286138535,
        0.03765755891799927
    ],
    "precision": [
        0.9575380086898804,
        0.9685106873512268,
        0.9688535928726196,
        0.9739398956298828,
        0.9741684794425964,
        0.9754829406738281,
        0.9738827347755432,
        0.9743399024009705,
        0.9756543636322021,
        0.9764544367790222
    ],
    "recall": [
        0.9575380086898804,
        0.9685106873512268,
        0.9688535928726196,
        0.9739398956298828,
        0.9741684794425964,
        0.9754829406738281,
        0.9738827347755432,
        0.9743399024009705,
        0.9756543636322021,
        0.9764544367790222
    ],
    "val_accuracy": [
        0.9829931855201721,
        0.9837934970855713,
        0.982192873954773,
        0.9719887971878052,
        0.9797919392585754,
        0.9851940870285034,
        0.976590633392334,
        0.9845938086509705,
        0.9839935898780823,
        0.9833933711051941,
        0.9687874913215637,
        0.981792688369751,
        0.9797919392585754,
        0.9741896986961365,
        0.9863945841789246
    ],
    "val_loss": [
        0.04369532689452171,
        0.04585588723421097,
        0.04521169513463974,
        0.07219531387090683,
        0.047537799924612045,
        0.04099404066801071,
        0.05806813761591911,
        0.04437961429357529,
        0.04361167550086975,
        0.04447518289089203,
        0.1317235231399536,
        0.05894020199775696,
        0.0658317431807518,
        0.07366815954446793,
        0.04157643765211105
    ],
    "val_precision": [
        0.9829931855201721,
        0.9837934970855713,
        0.982192873954773,
        0.9719887971878052,
        0.9797919392585754,
        0.9851940870285034,
        0.976590633392334,
        0.9845938086509705,
        0.9839935898780823,
        0.9833933711051941
    ],
    "val_recall": [
        0.9829931855201721,
        0.9837934970855713,
        0.982192873954773,
        0.9719887971878052,
        0.9797919392585754,
        0.9851940870285034,
        0.976590633392334,
        0.9845938086509705,
        0.9839935898780823,
        0.9833933711051941
    ],
    "learning_rate": [
        0.0010000000474974513,
        0.0010000000474974513,
        0.0010000000474974513,
        0.0010000000474974513,
        0.0010000000474974513,
        0.0010000000474974513,
        0.0010000000474974513,
        0.0010000000474974513,
        0.0010000000474974513,
        0.0010000000474974513,
        9.999999747378752e-05,
        9.999999747378752e-05,
        9.999999747378752e-05,
        9.999999747378752e-05,
        9.999999747378752e-05
    ],
    "precision_1": [
        0.9645102024078369,
        0.9748542904853821,
        0.9795976877212524,
        0.984169602394104,
        0.9864556193351746
    ],
    "recall_1": [
        0.9645102024078369,
        0.9748542904853821,
        0.9795976877212524,
        0.984169602394104,
        0.9864556193351746
    ],
    "val_precision_1": [
        0.9687874913215637,
        0.981792688369751,
        0.9797919392585754,
        0.9741896986961365,
        0.9863945841789246
    ],
    "val_recall_1": [
        0.9687874913215637,
        0.981792688369751,
        0.9797919392585754,
        0.9741896986961365,
        0.9863945841789246
    ]
}